work_order_id,customer_id,order_date,status,labor_hours,labor_cost,updated_at
WO000001,C0058,2025-10-25,OPEN,3.61,260.68,2025-10-25
WO000002,C0044,2025-04-09,CLOSED,2.9,96.31,2025-04-25
WO000003,C0045,2025-09-20,CLOSED,5.47,213.63,2025-10-01
WO000004,C0032,2025-09-09,CLOSED,2.12,316.18,2025-09-19
WO000005,C0045,2025-05-24,CLOSED,5.24,91.59,2025-05-28
WO000006,C0061,2025-12-12,CLOSED,2.31,218.33,2025-12-23
WO000007,C0047,2025-04-22,CANCELLED,2.35,466.84,2025-05-08
WO000008,C0021,2025-03-01,IN_PROGRESS,11.77,136.49,2025-03-06
WO000009,C0080,2025-01-02,IN_PROGRESS,2.26,98.61,2025-01-02
WO000010,C0075,2025-10-31,CLOSED,3.29,169.85,2025-11-04
WO000011,C0036,2025-09-11,IN_PROGRESS,2.39,468.49,2025-09-24
WO000012,C0019,2025-05-20,CLOSED,6.11,109.22,2025-05-24
WO000013,C0020,2025-02-06,CANCELLED,5.91,70.14,2025-02-06
WO000014,C0057,2025-06-09,OPEN,3.6,294.97,2025-06-26
WO000015,C0018,2025-01-09,OPEN,8.53,704.47,2025-01-24
WO000016,C0047,2025-08-21,IN_PROGRESS,4.04,29.34,2025-08-29
WO000017,C0049,2025-04-09,CLOSED,2.08,348.8,2025-04-27
WO000018,C0014,2025-05-27,CLOSED,6.11,160.76,2025-05-31
WO000019,C0015,2025-10-31,OPEN,5.04,140.94,2025-11-01
WO000020,C0031,2025-07-27,CANCELLED,4.44,214.21,2025-08-10
WO000021,C9008,2025-05-11,CLOSED,2.87,126.24,2025-05-17
WO000022,,2025-06-01,OPEN,9.77,384.85,2025-06-04
WO000023,C0003,2025-02-23,CLOSED,6.94,94.23,2025-02-23
WO000024,C0016,2025-04-30,CLOSED,6.61,434.31,2025-05-12
WO000025,C0057,2025-06-10,IN_PROGRESS,5.28,262.51,2025-06-29
WO000026,C0075,2025-04-26,OPEN,10.69,118.92,2025-05-02
WO000027,C0012,2025-03-16,OPEN,2.7,266.69,2025-03-30
WO000028,C0074,2025-04-23,OPEN,2.57,102.62,2025-05-06
WO000029,C0016,2025-04-14,CLOSED,10.17,131.86,2025-05-02
WO000030,C0072,2025-12-06,CANCELLED,5.32,299.64,2025-12-25
WO000031,C0076,2025-09-11,OPEN,3.07,61.51,2025-09-28
WO000032,C0024,2025-08-15,IN_PROGRESS,10.24,80.86,2025-08-24
WO000033,C0028,2025-04-22,IN_PROGRESS,9.52,246.0,2025-04-30
WO000034,C0008,2025-04-09,IN_PROGRESS,2.37,336.21,2025-04-16
WO000035,C0036,2025-06-02,CLOSED,2.6,221.52,2025-06-11
WO000036,C0008,2025-12-15,IN_PROGRESS,12.09,217.99,2025-12-31
WO000037,C0058,2025-12-04,IN_PROGRESS,12.08,120.89,2025-12-05
WO000038,C0060,2025-07-13,IN_PROGRESS,2.78,577.17,2025-07-18
WO000039,C0050,2025-11-06,CLOSED,6.78,277.62,2025-11-10
WO000040,C0028,2025-06-12,IN_PROGRESS,8.41,64.73,2025-06-20
WO000041,C0041,2025-07-27,CLOSED,4.48,350.33,2025-07-31
WO000042,C0064,2025-06-18,IN_PROGRESS,5.17,311.97,2025-07-05
WO000043,C0027,2025-06-10,CLOSED,4.2,154.73,2025-06-29
WO000044,C0063,2025-03-09,CLOSED,1.75,112.55,2025-03-17
WO000045,C0017,2025-10-16,OPEN,2.3,281.92,2025-11-01
WO000046,C0073,2025-10-04,CLOSED,1.4,81.08,2025-10-20
WO000047,C0033,2025-10-31,CLOSED,3.91,167.23,2025-11-11
WO000048,C0077,2025-05-15,CANCELLED,1.98,121.35,2025-05-21
WO000049,C0029,2025-07-14,CLOSED,2.59,121.33,2025-07-16
WO000050,C0013,2025-05-08,CLOSED,7.51,171.66,2025-05-17
WO000051,C0046,2025-02-02,CANCELLED,5.74,257.91,2025-02-03
WO000052,C0035,2025-06-25,CLOSED,1.65,236.07,2025-06-27
WO000053,C0006,2025-01-22,OPEN,4.78,364.83,2025-02-06
WO000054,C0069,2025-08-26,CANCELLED,4.11,258.57,2025-08-27
WO000055,C0047,2025-06-07,IN_PROGRESS,10.58,42.55,2025-06-16
WO000056,C0025,2025-02-07,CLOSED,8.93,50.32,2025-02-12
WO000057,C0066,2025-08-18,IN_PROGRESS,8.37,165.31,2025-08-28
WO000058,C0010,2025-12-31,OPEN,5.48,80.47,2026-01-06
WO000059,C0056,2025-02-20,IN_PROGRESS,5.81,192.45,2025-03-06
WO000060,C0030,2025-09-21,CLOSED,12.16,156.64,2025-09-26
WO000061,C0005,2025-10-10,IN_PROGRESS,2.36,266.38,2025-10-29
WO000062,C0033,2025-01-27,IN_PROGRESS,3.67,110.35,2025-02-04
WO000063,C0065,2025-08-14,IN_PROGRESS,5.81,361.18,2025-09-02
WO000064,C0018,2025-10-04,CLOSED,9.86,286.95,2025-10-15
WO000065,C0049,2025-10-13,CANCELLED,0.89,712.36,2025-10-31
WO000066,C0011,2025-04-07,CLOSED,7.42,384.38,2025-04-26
WO000067,C0026,2025-10-11,CLOSED,3.25,47.67,2025-10-13
WO000068,,2025-11-13,CLOSED,7.37,162.07,2025-11-27
WO000069,C0059,2025-10-31,CLOSED,5.29,35.31,2025-11-01
WO000070,C0027,2025-05-27,IN_PROGRESS,0.5,293.52,2025-05-28
WO000071,C0049,2025-01-04,IN_PROGRESS,1.1,339.13,2025-01-06
WO000072,C0077,2025-02-04,IN_PROGRESS,2.58,91.75,2025-02-09
WO000073,C0033,2025-07-11,IN_PROGRESS,2.89,60.5,2025-07-25
WO000074,C0001,2025-02-18,CLOSED,4.78,459.8,2025-02-27
WO000075,C0021,2025-01-17,CLOSED,4.88,218.3,2025-01-25
WO000076,C0055,2025-06-21,IN_PROGRESS,7.32,363.24,2025-06-21
WO000077,C0006,,CLOSED,20.27,111.59,2025-08-23
WO000078,C0069,2025-06-07,CLOSED,4.77,99.11,2025-06-12
WO000079,C0005,2025-02-15,IN_PROGRESS,3.51,108.37,2025-02-23
WO000080,C0003,2025-01-06,CLOSED,2.8,130.55,2025-01-09
WO000081,C0053,2025-04-09,CLOSED,5.62,204.33,2025-04-10
WO000082,C0023,2025-08-21,IN_PROGRESS,7.77,130.02,2025-08-24
WO000083,C0053,2025-02-06,CLOSED,1.22,239.72,2025-02-06
WO000084,C0037,2025-10-07,CLOSED,0.9,145.64,2025-10-25
WO000085,C0074,2025-12-15,CLOSED,6.18,91.86,2025-12-24
WO000086,C0074,2025-10-29,CLOSED,2.1,188.23,2025-11-12
WO000087,C0017,2025-06-30,CLOSED,1.08,315.29,2025-07-18
WO000088,C0078,2025-04-05,CLOSED,9.23,98.79,2025-04-20
WO000089,C0073,2025-04-09,OPEN,3.45,266.47,2025-04-12
WO000090,C0001,2025-07-07,IN_PROGRESS,2.06,169.53,2025-07-08
WO000091,C0051,2025-04-26,OPEN,9.73,32.94,2025-05-08
WO000092,C0045,2025-07-10,CLOSED,11.15,375.95,2025-07-10
WO000093,C0077,2025-09-10,IN_PROGRESS,1.16,168.44,2025-09-26
WO000094,C0004,2025-06-10,CLOSED,7.5,352.78,2025-06-22
WO000095,C0062,2025-09-13,CLOSED,3.78,233.65,2025-09-16
WO000096,C0065,2025-11-19,CLOSED,3.48,51.13,2025-11-25
WO000097,C0032,2025-05-08,CANCELLED,2.01,7.22,2025-05-24
WO000098,C0034,2025-01-18,CLOSED,2.02,59.47,2025-01-26
WO000099,C0072,2025-10-08,CLOSED,2.34,6.59,2025-10-11
WO000100,C0039,2025-08-11,CLOSED,0.54,249.8,2025-08-29
WO000101,C0026,2025-02-23,CLOSED,1.24,248.15,2025-02-23
WO000102,C0034,2025-02-27,IN_PROGRESS,1.19,48.93,2025-03-08
WO000103,C0054,2025-11-19,IN_PROGRESS,0.94,154.83,2025-11-22
WO000104,C0003,2025-12-26,CLOSED,9.49,357.95,2026-01-03
WO000105,C0050,2025-06-23,CLOSED,4.24,122.73,2025-07-05
WO000106,C0012,2025-10-07,IN_PROGRESS,4.23,407.81,2025-10-20
WO000107,C0065,2025-04-24,CLOSED,7.57,213.68,2025-05-03
WO000108,C0054,2025-10-15,CLOSED,1.27,157.88,2025-10-20
WO000109,C0005,2025-12-08,CLOSED,5.73,218.04,2025-12-23
WO000110,C0057,2025-05-31,CLOSED,4.28,148.04,2025-06-05
WO000111,C0017,2025-05-07,CLOSED,1.78,71.55,2025-05-23
WO000112,C0047,2025-06-04,CANCELLED,12.13,67.09,2025-06-13
WO000113,C0023,2025-09-30,CLOSED,3.18,359.36,2025-10-17
WO000114,C0079,2025-04-14,CLOSED,3.92,326.61,2025-05-01
WO000115,C0014,2025-10-26,CANCELLED,4.94,272.31,2025-10-28
WO000116,C0066,2025-09-03,CANCELLED,5.03,147.1,2025-09-22
WO000117,C0075,2025-06-25,OPEN,0.44,303.12,2025-07-09
WO000118,C0051,2025-02-08,CLOSED,2.07,113.1,2025-02-22
WO000119,C0038,2025-06-19,IN_PROGRESS,5.29,244.35,2025-06-22
WO000120,C0064,2025-09-04,OPEN,2.62,169.86,2025-09-12
WO000121,C0038,2025-01-26,CLOSED,2.33,364.51,2025-02-13
WO000122,C0050,2025-12-21,CLOSED,3.46,622.59,2026-01-06
WO000123,C0030,2025-11-02,CLOSED,3.66,76.21,2025-11-12
WO000124,C0079,2025-01-13,OPEN,4.85,208.73,2025-01-21
WO000125,C9006,2025-11-12,CLOSED,5.3,910.88,2025-11-21
WO000126,C0063,2025-11-09,CLOSED,4.25,156.87,2025-11-26
WO000127,C0052,2025-02-05,CLOSED,6.19,154.76,2025-02-24
WO000128,C0038,2025-06-22,CANCELLED,6.53,218.66,2025-07-04
WO000129,C0079,2025-01-20,CLOSED,11.22,253.23,2025-01-27
WO000130,C0030,2025-11-17,IN_PROGRESS,0.83,662.68,2025-11-23
WO000131,C0051,2025-09-21,CLOSED,6.9,350.9,2025-10-07
WO000132,C0005,2025-05-22,IN_PROGRESS,2.89,171.17,2025-06-05
WO000133,C0029,2025-05-23,OPEN,4.33,486.52,2025-06-11
WO000134,C0004,2025-04-02,CLOSED,8.17,178.97,2025-04-16
WO000135,C0010,2025-12-20,IN_PROGRESS,5.97,157.56,2025-12-20
WO000136,C0056,2025-11-18,CLOSED,6.33,419.22,2025-12-01
WO000137,C9005,2025-10-15,IN_PROGRESS,2.76,243.46,2025-10-19
WO000138,C0074,2025-08-03,CLOSED,1.14,411.05,2025-08-13
WO000139,C0017,2025-12-08,IN_PROGRESS,7.9,767.59,2025-12-23
WO000140,C0069,2025-02-20,CANCELLED,0.49,53.43,2025-02-21
WO000141,C0034,2025-06-02,CLOSED,7.49,160.69,2025-06-09
WO000142,C0006,2025-07-05,OPEN,0.4,188.62,2025-07-15
WO000143,C0053,2025-03-04,CLOSED,10.95,60.93,2025-03-21
WO000144,C0066,2025-07-09,CANCELLED,5.11,206.94,2025-07-11
WO000145,C0077,2025-05-05,CLOSED,1.54,237.38,2025-05-05
WO000146,C0043,2025-05-30,IN_PROGRESS,5.71,18.67,2025-06-09
WO000147,C0075,2025-11-10,CLOSED,3.9,469.31,2025-11-25
WO000148,C0023,2025-02-27,CLOSED,3.98,132.31,2025-03-16
WO000149,C0055,2025-12-08,CLOSED,1.35,217.06,2025-12-23
WO000150,C0080,2025-11-01,CLOSED,7.28,448.57,2025-11-10
WO000151,C0075,2025-06-29,CLOSED,0.38,87.02,2025-07-16
WO000152,C0016,2025-06-19,IN_PROGRESS,8.62,222.79,2025-06-24
WO000153,C0008,2025-11-22,CLOSED,3.98,72.24,2025-12-10
WO000154,C0004,2025-09-28,CLOSED,1.34,215.52,2025-10-01
WO000155,C0004,2025-02-23,OPEN,9.67,177.86,2025-03-07
WO000156,C0056,2025-04-11,CANCELLED,2.6,337.15,2025-04-24
WO000157,C0025,2025-09-21,CLOSED,2.68,193.78,2025-09-23
WO000158,C0067,2025-02-22,CLOSED,5.35,67.33,2025-03-03
WO000159,C0067,2025-03-01,CLOSED,4.33,51.83,2025-03-06
WO000160,C0027,2025-04-18,CLOSED,4.47,48.78,2025-04-18
WO000161,C0032,2025-01-05,CLOSED,2.57,202.23,2025-01-18
WO000162,C0050,2025-04-13,CLOSED,3.99,225.19,2025-04-20
WO000163,C0061,2025-07-15,OPEN,8.6,197.18,2025-08-02
WO000164,C0051,2025-09-19,CLOSED,2.44,268.07,2025-10-02
WO000165,C9003,2025-12-31,CLOSED,5.32,319.91,2026-01-09
WO000166,C0021,2025-12-16,CLOSED,1.91,133.2,2026-01-01
WO000167,C0005,2025-02-16,OPEN,3.34,94.16,2025-02-24
WO000168,C0042,2025-12-21,OPEN,1.61,299.26,2025-12-26
WO000169,C0061,2025-11-07,IN_PROGRESS,3.92,315.36,2025-11-17
WO000170,C0022,2025-11-04,IN_PROGRESS,15.91,131.09,2025-11-10
WO000171,C0021,2025-05-24,CLOSED,4.98,254.58,2025-06-09
WO000172,C0070,2025-09-26,IN_PROGRESS,2.61,149.52,2025-09-26
WO000173,C0001,2025-05-04,CLOSED,1.49,90.27,2025-05-08
WO000174,C0005,2025-04-16,CLOSED,0.83,413.42,2025-04-24
WO000175,C0012,2025-06-07,CLOSED,4.85,601.94,2025-06-24
WO000176,C0046,2025-05-27,CLOSED,5.05,158.74,2025-05-28
WO000177,C0034,2025-05-25,CLOSED,6.74,292.61,2025-06-04
WO000178,C0049,2025-04-30,CLOSED,3.1,245.06,2025-05-05
WO000179,C0078,2025-11-15,CLOSED,1.42,35.88,2025-11-22
WO000180,C0045,2025-10-02,IN_PROGRESS,3.52,434.25,2025-10-05
WO000181,C0027,2025-04-02,CANCELLED,7.59,255.02,2025-04-19
WO000182,C0073,2025-02-27,IN_PROGRESS,1.52,573.39,2025-03-09
WO000183,C0026,2025-12-12,OPEN,2.05,129.36,2025-12-16
WO000184,C0047,2025-08-17,CLOSED,6.12,194.27,2025-08-31
WO000185,C0056,2025-04-27,OPEN,1.12,89.61,2025-05-14
WO000186,C0063,2025-11-14,CLOSED,5.87,204.51,2025-11-15
WO000187,C0048,2025-10-06,CLOSED,0.9,187.33,2025-10-16
WO000188,C0061,2025-05-07,CANCELLED,10.62,25.47,2025-05-19
WO000189,C0026,2025-05-09,CLOSED,2.72,727.13,2025-05-12
WO000190,C0036,2025-02-27,CLOSED,4.9,68.95,2025-03-05
WO000191,C0001,2025-05-02,CANCELLED,8.08,295.14,2025-05-12
WO000192,C0008,2025-01-01,IN_PROGRESS,2.04,251.42,2025-01-04
WO000193,C0052,2025-08-27,CANCELLED,6.64,539.24,2025-09-10
WO000194,C0079,2025-10-17,OPEN,0.76,594.38,2025-10-17
WO000195,C0047,2025-04-06,CLOSED,1.25,79.67,2025-04-08
WO000196,C0056,2025-05-06,IN_PROGRESS,8.24,100.45,2025-05-19
WO000197,C0014,2025-04-28,CLOSED,3.18,334.15,2025-05-03
WO000198,C0028,2025-02-17,IN_PROGRESS,1.13,93.94,2025-03-06
WO000199,C0078,2025-03-30,CLOSED,6.47,786.32,2025-03-30
WO000200,C0002,2025-08-25,CLOSED,3.1,280.08,2025-08-30
WO000201,C0026,2025-09-29,CANCELLED,0.91,453.26,2025-10-04
WO000202,C0014,2025-07-08,IN_PROGRESS,1.15,93.42,2025-07-23
WO000203,C0059,2025-07-11,CLOSED,6.64,451.92,2025-07-15
WO000204,C0056,2025-03-10,CLOSED,8.58,49.61,2025-03-26
WO000205,C0007,2025-10-05,IN_PROGRESS,5.97,229.3,2025-10-14
WO000206,C0003,2025-12-15,IN_PROGRESS,8.29,223.35,2026-01-01
WO000207,C0023,2025-09-04,CLOSED,2.97,545.89,2025-09-10
WO000208,C0018,2025-03-17,CLOSED,3.68,110.38,2025-03-19
WO000209,C0038,2025-06-03,CLOSED,4.88,737.1,2025-06-15
WO000210,C0015,2025-05-24,CLOSED,6.63,347.84,2025-06-07
WO000211,C0064,2025-03-27,OPEN,6.23,266.82,2025-04-15
WO000212,C0028,2025-07-04,OPEN,3.12,349.71,2025-07-22
WO000213,C0074,2025-10-12,OPEN,2.75,179.6,2025-10-14
WO000214,C0039,2025-08-08,CANCELLED,4.17,39.48,2025-08-11
WO000215,C0057,2025-03-10,OPEN,15.34,73.27,2025-03-14
WO000216,C0017,2025-02-16,OPEN,2.99,315.66,2025-02-16
WO000217,C0044,2025-04-04,IN_PROGRESS,2.73,100.98,2025-04-07
WO000218,C0025,2025-08-26,CLOSED,1.29,135.57,2025-09-06
WO000219,C0017,2025-07-23,CANCELLED,2.09,436.37,2025-08-01
WO000220,C0013,2025-08-06,CLOSED,4.29,246.56,2025-08-25
WO000221,C0025,2025-12-07,CLOSED,3.48,528.42,2025-12-19
WO000222,C0068,2025-02-08,CLOSED,4.82,134.64,2025-02-21
WO000223,C0010,2025-04-10,OPEN,9.02,179.55,2025-04-14
WO000224,C0067,2025-10-16,CANCELLED,0.22,420.8,2025-10-19
WO000225,C0018,2025-09-11,CLOSED,3.81,273.39,2025-09-24
WO000226,C0034,2025-08-10,CLOSED,4.85,778.24,2025-08-19
WO000227,C0008,2025-12-23,CLOSED,12.31,74.64,2026-01-08
WO000228,C0040,2025-01-23,CLOSED,5.55,80.26,2025-02-01
WO000229,,2025-09-07,CLOSED,2.48,237.15,2025-09-13
WO000230,C0041,2025-01-10,CANCELLED,2.67,273.8,2025-01-25
WO000231,C0006,2025-09-03,CANCELLED,2.44,84.72,2025-09-03
WO000232,C0052,2025-11-21,CLOSED,4.08,382.84,2025-12-07
WO000233,C0026,2025-04-10,CLOSED,6.03,299.97,2025-04-18
WO000234,C0064,2025-10-17,OPEN,1.58,118.98,2025-10-22
WO000235,C0059,2025-06-29,CLOSED,4.62,230.85,2025-07-17
WO000236,C0056,2025-08-11,OPEN,4.57,374.72,2025-08-23
WO000237,C0059,2025-09-07,CLOSED,3.43,230.03,2025-09-09
WO000238,C0070,2025-05-27,CANCELLED,3.57,77.21,2025-06-02
WO000239,C0033,2025-04-06,CLOSED,1.53,66.56,2025-04-14
WO000240,C0053,2025-09-14,CLOSED,4.43,337.52,2025-09-18
WO000241,C0022,2025-11-21,IN_PROGRESS,1.66,217.68,2025-11-30
WO000242,C0021,2025-01-04,OPEN,6.09,142.42,2025-01-20
WO000243,C0070,2025-01-16,CLOSED,2.61,119.76,2025-01-27
WO000244,C0070,2025-10-07,IN_PROGRESS,0.79,114.37,2025-10-22
WO000245,C0004,2025-12-02,OPEN,8.33,144.99,2025-12-04
WO000246,C0075,2025-09-04,CLOSED,2.4,172.64,2025-09-12
WO000247,C0062,2025-09-15,CLOSED,2.32,199.46,2025-09-29
WO000248,C0062,2025-06-09,CLOSED,0.96,84.22,2025-06-13
WO000249,C0024,2025-12-06,OPEN,6.7,81.96,2025-12-18
WO000250,C0055,2025-06-01,CLOSED,2.0,190.62,2025-06-14
WO000251,C0009,2025-06-27,CLOSED,2.4,236.04,2025-07-16
WO000252,C0003,2025-06-12,CLOSED,1.22,56.88,2025-06-26
WO000253,C0031,2025-02-02,CLOSED,5.72,382.34,2025-02-17
WO000254,C0040,2025-06-28,IN_PROGRESS,5.24,153.71,2025-07-10
WO000255,C0036,2025-04-11,CLOSED,1.57,318.15,2025-04-27
WO000256,C0024,2025-09-25,CLOSED,2.67,341.44,2025-10-02
WO000257,C0006,2025-11-19,CLOSED,8.66,222.2,2025-11-20
WO000258,C0066,2025-03-06,CLOSED,0.54,151.83,2025-03-10
WO000259,C0075,2025-06-17,CLOSED,17.04,398.87,2025-06-22
WO000260,C0004,2025-11-26,CLOSED,3.13,291.3,2025-12-07
WO000261,C0079,2025-02-12,CLOSED,1.54,249.88,2025-03-01
WO000262,C0006,2025-02-13,CLOSED,1.62,116.88,2025-02-13
WO000263,C0051,2025-10-12,CLOSED,5.55,288.54,2025-10-28
WO000264,C0062,,CLOSED,4.99,354.25,2025-01-22
WO000265,C0057,2025-04-05,CLOSED,7.51,94.25,2025-04-14
WO000266,C0066,2025-10-29,CLOSED,3.41,448.21,2025-11-16
WO000267,C0079,2025-09-10,CLOSED,2.67,311.63,2025-09-23
WO000268,C0075,2025-08-30,CLOSED,0.71,262.49,2025-09-08
WO000269,C0008,2025-02-04,CLOSED,3.72,161.15,2025-02-18
WO000270,C0026,2025-08-03,CLOSED,2.77,553.67,2025-08-21
WO000271,C0051,2025-12-03,CANCELLED,5.46,103.54,2025-12-06
WO000272,C0045,2025-03-31,OPEN,7.24,221.78,2025-04-01
WO000273,C0044,2025-09-21,IN_PROGRESS,4.68,162.24,2025-09-29
WO000274,C0005,2025-04-03,IN_PROGRESS,5.15,59.48,2025-04-12
WO000275,C9002,2025-03-31,CANCELLED,4.21,95.42,2025-04-10
WO000276,C0026,2025-04-25,OPEN,4.69,336.02,2025-05-08
WO000277,C9001,2025-04-15,OPEN,3.3,656.31,2025-04-21
WO000278,C0019,2025-07-15,OPEN,3.68,348.22,2025-07-29
WO000279,C0020,2025-11-10,OPEN,8.59,291.83,2025-11-28
WO000280,C0012,2025-04-24,OPEN,4.83,677.48,2025-05-08
WO000281,C0047,2025-03-16,CLOSED,3.07,87.36,2025-03-23
WO000282,C0001,2025-08-05,CLOSED,2.31,113.52,2025-08-15
WO000283,C0014,2025-10-04,IN_PROGRESS,3.53,252.35,2025-10-12
WO000284,C0064,2025-09-06,IN_PROGRESS,7.59,224.14,2025-09-20
WO000285,C0038,2025-06-13,OPEN,5.54,227.95,2025-06-13
WO000286,C0037,2025-12-23,IN_PROGRESS,0.25,138.95,2025-12-23
WO000287,C0011,2025-07-11,CLOSED,4.26,230.53,2025-07-29
WO000288,,2025-08-15,CLOSED,2.3,40.76,2025-08-17
WO000289,C0003,2025-06-26,OPEN,8.04,525.2,2025-07-05
WO000290,C0033,2025-04-09,CLOSED,1.95,254.77,2025-04-16
WO000291,C0006,2025-02-05,IN_PROGRESS,3.35,358.77,2025-02-19
WO000292,C0050,2025-04-06,CLOSED,2.16,241.6,2025-04-15
WO000293,C0010,2025-06-01,CLOSED,6.03,375.15,2025-06-01
WO000294,C0005,2025-05-31,CLOSED,3.19,209.54,2025-06-17
WO000295,C0023,2025-07-09,IN_PROGRESS,3.42,461.03,2025-07-10
WO000296,C0010,2025-08-12,CANCELLED,2.95,90.57,2025-08-30
WO000297,C0044,2025-02-06,OPEN,5.94,427.11,2025-02-18
WO000298,C0002,2025-09-25,OPEN,3.63,426.97,2025-09-25
WO000299,C0013,2025-07-02,IN_PROGRESS,1.59,35.86,2025-07-03
WO000300,C0040,2025-01-13,OPEN,1.5,107.98,2025-01-28
WO000301,C0002,2025-10-06,CANCELLED,4.82,319.53,2025-10-20
WO000302,C0065,2025-08-05,CLOSED,1.9,229.99,2025-08-17
WO000303,C0063,2025-12-21,IN_PROGRESS,4.31,174.78,2026-01-05
WO000304,C0073,2025-12-27,CLOSED,1.44,57.68,2026-01-12
WO000305,C0017,2025-10-13,CANCELLED,2.81,387.11,2025-10-19
WO000306,C0009,2025-09-30,CLOSED,3.61,193.14,2025-10-16
WO000307,C0075,2025-03-03,CLOSED,1.3,201.58,2025-03-09
WO000308,C0015,2025-03-25,CANCELLED,7.77,230.04,2025-04-06
WO000309,C0024,2025-08-05,CANCELLED,13.1,247.64,2025-08-09
WO000310,C9007,2025-12-08,CLOSED,5.95,98.06,2025-12-24
WO000311,C0035,2025-07-06,OPEN,4.85,204.84,2025-07-08
WO000312,C0049,2025-01-19,CLOSED,10.03,312.98,2025-01-25
WO000313,C0069,2025-06-26,CLOSED,7.73,97.73,2025-07-12
WO000314,C0062,2025-04-10,IN_PROGRESS,1.95,481.26,2025-04-16
WO000315,C0060,2025-08-21,CLOSED,2.44,410.75,2025-08-21
WO000316,C0050,2025-03-17,OPEN,4.66,154.7,2025-04-02
WO000317,C0078,2025-09-22,OPEN,3.7,164.95,2025-10-08
WO000318,C0075,2025-10-11,IN_PROGRESS,5.4,300.37,2025-10-21
WO000319,C0009,2025-07-25,OPEN,9.4,271.86,2025-07-27
WO000320,C0034,2025-08-11,CANCELLED,2.54,126.42,2025-08-25
WO000321,C0076,2025-02-21,CLOSED,4.2,468.23,2025-03-03
WO000322,C0035,2025-12-05,CLOSED,1.85,209.49,2025-12-20
WO000323,C0001,2025-05-24,CLOSED,4.33,57.06,2025-06-01
WO000324,C0040,2025-03-10,IN_PROGRESS,1.31,125.49,2025-03-10
WO000325,C0064,2025-04-09,CLOSED,2.84,48.56,2025-04-24
WO000326,C0022,2025-01-25,CLOSED,5.66,1377.51,2025-02-02
WO000327,C0060,2025-02-22,CLOSED,1.2,48.16,2025-03-12
WO000328,C0064,2025-05-31,IN_PROGRESS,7.52,187.18,2025-06-11
WO000329,C0072,2025-05-24,CLOSED,9.74,112.88,2025-06-11
WO000330,C0011,2025-02-26,CLOSED,6.96,28.91,2025-03-06
WO000331,C0014,2025-02-08,CANCELLED,8.05,567.52,2025-02-14
WO000332,C0060,2025-04-19,CLOSED,3.96,99.51,2025-05-02
WO000333,C0030,2025-06-30,CLOSED,6.27,339.28,2025-07-18
WO000334,C0035,2025-02-11,CLOSED,7.72,74.57,2025-03-01
WO000335,C0037,2025-07-05,CLOSED,4.4,331.05,2025-07-06
WO000336,C0005,2025-08-11,OPEN,8.12,25.12,2025-08-19
WO000337,C0078,2025-05-02,CLOSED,5.69,592.29,2025-05-14
WO000338,C0026,2025-05-13,CLOSED,2.76,168.1,2025-05-27
WO000339,C0062,2025-06-12,CLOSED,2.72,72.56,2025-06-14
WO000340,C0004,2025-08-03,IN_PROGRESS,3.81,510.57,2025-08-13
WO000341,C0042,2025-08-09,IN_PROGRESS,7.51,128.07,2025-08-22
WO000342,C0018,2025-08-23,CLOSED,6.12,50.89,2025-08-30
WO000343,C0040,2025-11-27,OPEN,1.62,234.96,2025-12-14
WO000344,C0072,2025-05-26,CLOSED,10.07,140.49,2025-06-13
WO000345,C0039,2025-08-27,OPEN,9.84,213.68,2025-09-11
WO000346,C0014,2025-03-17,IN_PROGRESS,1.63,324.32,2025-03-18
WO000347,C0032,2025-01-09,CANCELLED,4.89,148.57,2025-01-16
WO000348,C0051,2025-03-15,CLOSED,3.96,374.2,2025-03-20
WO000349,C0038,2025-09-10,IN_PROGRESS,8.56,338.95,2025-09-21
WO000350,C0023,2025-08-18,IN_PROGRESS,1.81,2.93,2025-09-01
WO000351,C0063,2025-01-07,OPEN,6.31,462.28,2025-01-14
WO000352,C0015,2025-06-23,CLOSED,5.69,175.2,2025-06-26
WO000353,C0025,2025-05-21,OPEN,5.98,321.97,2025-06-04
WO000354,C0017,2025-06-17,CLOSED,5.12,115.28,2025-07-06
WO000355,C0066,2025-06-19,CANCELLED,1.49,221.48,2025-07-05
WO000356,C0078,2025-10-10,OPEN,6.57,122.69,2025-10-22
WO000357,C0053,2025-05-02,CLOSED,6.67,122.03,2025-05-19
WO000358,C0051,2025-07-13,CANCELLED,4.79,121.39,2025-07-14
WO000359,C0039,2025-01-05,OPEN,3.87,84.59,2025-01-17
WO000360,C0051,2025-01-29,CLOSED,10.5,528.86,2025-02-10
WO000361,C0070,2025-06-14,CLOSED,10.43,134.35,2025-06-28
WO000362,C0006,2025-12-05,CANCELLED,2.72,123.98,2025-12-24
WO000363,C0067,2025-05-16,CLOSED,5.37,336.67,2025-05-25
WO000364,C0007,,CLOSED,1.95,53.55,2026-01-02
WO000365,C0051,2025-11-17,CLOSED,2.55,136.36,2025-12-05
WO000366,C0072,2025-12-08,CLOSED,4.13,150.08,2025-12-10
WO000367,C0042,2025-05-25,CLOSED,3.03,78.43,2025-06-07
WO000368,C0064,2025-11-23,CLOSED,1.61,33.02,2025-11-30
WO000369,C0015,2025-08-05,CLOSED,1.69,221.34,2025-08-08
WO000370,C0029,2025-10-28,IN_PROGRESS,1.69,283.05,2025-11-16
WO000371,C0033,2025-05-12,IN_PROGRESS,1.51,178.17,2025-05-22
WO000372,C0027,2025-10-19,IN_PROGRESS,0.55,521.19,2025-10-29
WO000373,C0036,2025-03-11,IN_PROGRESS,4.23,252.3,2025-03-21
WO000374,C0029,2025-09-09,IN_PROGRESS,3.29,192.56,2025-09-10
WO000375,C0038,2025-10-02,CANCELLED,0.54,277.86,2025-10-18
WO000376,C0057,2025-12-30,OPEN,6.31,142.01,2026-01-07
WO000377,C0027,2025-07-01,CLOSED,3.34,384.36,2025-07-02
WO000378,C0055,2025-06-16,IN_PROGRESS,3.12,148.21,2025-06-30
WO000379,C0033,2025-04-01,CLOSED,7.88,136.9,2025-04-16
WO000380,C0068,2025-07-21,CANCELLED,2.8,252.28,2025-07-24
WO000381,C0066,2025-12-12,CLOSED,4.96,138.22,2025-12-19
WO000382,C0010,2025-01-19,CLOSED,3.72,27.23,2025-01-27
WO000383,C0005,2025-02-08,OPEN,2.41,286.54,2025-02-12
WO000384,C0074,2025-05-06,CLOSED,1.52,349.98,2025-05-21
WO000385,C0038,2025-06-22,IN_PROGRESS,1.91,167.78,2025-07-04
WO000386,C0013,2025-05-21,CANCELLED,3.3,242.35,2025-05-27
WO000387,C0031,2025-08-30,OPEN,7.24,153.99,2025-09-18
WO000388,C0047,2025-08-08,CLOSED,0.32,221.11,2025-08-24
WO000389,C0052,2025-05-06,CLOSED,1.14,90.57,2025-05-08
WO000390,C0056,2025-02-27,IN_PROGRESS,5.45,805.8,2025-03-03
WO000391,C0015,2025-05-28,IN_PROGRESS,4.95,671.89,2025-06-15
WO000392,C0029,2025-11-13,OPEN,1.8,78.53,2025-11-24
WO000393,C0008,2025-12-27,IN_PROGRESS,3.41,192.62,2026-01-02
WO000394,C9004,2025-01-01,CLOSED,7.7,230.42,2025-01-09
WO000395,C0029,2025-12-14,OPEN,2.97,237.78,2025-12-19
WO000396,C0047,2025-07-09,IN_PROGRESS,4.38,390.44,2025-07-25
WO000397,C0068,2025-07-10,OPEN,3.7,125.08,2025-07-25
WO000398,C0076,2025-11-08,CLOSED,9.3,273.54,2025-11-10
WO000399,C0045,2025-04-27,OPEN,9.94,172.94,2025-04-30
WO000400,C0002,2025-05-14,IN_PROGRESS,4.54,55.59,2025-05-23
WO000068,C0063,2025-11-13,CLOSED,7.37,174.01,2025-12-02
WO000225,C0018,2025-09-11,CLOSED,3.81,297.92,2025-09-29
WO000052,C0035,2025-06-25,CLOSED,1.65,223.54,2025-07-02
WO000008,C0021,2025-03-01,IN_PROGRESS,11.77,142.25,2025-03-11
WO000313,C0069,2025-06-26,CLOSED,7.73,108.96,2025-07-17
WO000325,C0064,2025-04-09,CLOSED,2.84,47.65,2025-04-29
WO000108,C0054,2025-10-15,CLOSED,1.27,151.67,2025-10-25
WO000070,C0027,2025-05-27,IN_PROGRESS,0.5,291.8,2025-06-02
WO000369,C0015,2025-08-05,CLOSED,1.69,215.24,2025-08-13
WO000193,C0052,2025-08-27,CANCELLED,6.64,520.08,2025-09-15
